id,question_text,difficulty,average_time,accuracy_rate
1,O seu primeiro programa em qualquer linguagem de programação normalmente é o “Hello World!”. Neste primeiro problema tudo o que você precisa fazer é imprimir esta mensagem na tela em Python.,easy,30,95%
2,"Efetue a soma de 10 e 9 atribuindo o seu resultado na variável X. Imprima X conforme exemplo apresentado abaixo. Não apresente mensagem alguma além daquilo que está sendo especificado e não esqueça de imprimir o fim de linha após o resultado, caso contrário, você receberá “Presentation Error”.",easy,30,90%
3,"A fórmula para calcular a área de uma circunferência é: area = π . raio². Considerando para este problema que π = 3.14159: Efetue o cálculo da área em Python, elevando o valor de raio ao quadrado e multiplicando por π.",easy,45,88%
4,"Leia dois valores inteiros, no caso para variáveis A e B. A seguir, calcule a soma entre elas e atribua à variável SOMA. A seguir escreva o valor desta variável em Python.",easy,30,92%
5,"Leia dois valores inteiros. A seguir, calcule o produto entre estes dois valores e atribua esta operação à variável PROD. A seguir mostre a variável PROD com mensagem correspondente em Python.",easy,30,90%
6,"Em Python, leia 2 valores de ponto flutuante de dupla precisão A e B, que correspondem a 2 notas de um aluno. A seguir, calcule a média do aluno, sabendo que a nota A tem peso 3.5 e a nota B tem peso 7.5 (A soma dos pesos portanto é 11). Assuma que cada nota pode ir de 0 até 10.0, sempre com uma casa decimal.",medium,45,85%
7,"Em Python, leia 3 valores, no caso, variáveis A, B e C, que são as três notas de um aluno. A seguir, calcule a média do aluno, sabendo que a nota A tem peso 2, a nota B tem peso 3 e a nota C tem peso 5. Considere que cada nota pode ir de 0 até 10.0, sempre com uma casa decimal.",medium,60,85%
8,"Em Python, leia quatro valores inteiros A, B, C e D. A seguir, calcule e mostre a diferença do produto de A e B pelo produto de C e D segundo a fórmula: DIFERENCA = (A * B - C * D).",easy,45,90%
9,"Escreva um programa em Python que leia o número de um funcionário, seu número de horas trabalhadas, o valor que recebe por hora e calcula o salário desse funcionário. A seguir, mostre o número e o salário do funcionário, com duas casas decimais.",medium,60,85%
10,"Faça um programa em Python que leia o nome de um vendedor, o seu salário fixo e o total de vendas efetuadas por ele no mês (em dinheiro). Sabendo que este vendedor ganha 15% de comissão sobre suas vendas efetuadas, informar o total a receber no final do mês, com duas casas decimais.",medium,60,85%
11,"Neste problema, deve-se ler o código de uma peça 1, o número de peças 1, o valor unitário de cada peça 1, o código de uma peça 2, o número de peças 2 e o valor unitário de cada peça 2. Após, calcule e mostre o valor a ser pago em python.",medium,60,88%
12,Faça um programa em python que calcule e mostre o volume de uma esfera sendo fornecido o valor de seu raio (R). A fórmula para calcular o volume é: (4/3) * pi * R3. Considere (atribua) para pi o valor 3.14159.,medium,60,85%
13,"Escreva um programa em Python que leia três valores com ponto flutuante de dupla precisão: A, B e C. Em seguida, calcule e mostre: a) a área do triângulo retângulo que tem A por base e C por altura. b) a área do círculo de raio C. (pi = 3.14159) c) a área do trapézio que tem A e B por bases e C por altura. d) a área do quadrado que tem lado B. e) a área do retângulo que tem lados A e B.",medium,90,80%
14,"Calcule o consumo médio de um automóvel sendo fornecidos a distância total percorrida (em Km) e o total de combustível gasto (em litros) em python.
",easy,45,90%
15,"Dois carros (X e Y) partem em uma mesma direção. O carro X sai com velocidade constante de 60 Km/h e o carro Y sai com velocidade constante de 90 Km/h. Em uma hora (60 minutos) o carro Y consegue se distanciar 30 quilômetros do carro X, ou seja, consegue se afastar um quilômetro a cada 2 minutos. Leia a distância (em Km) e calcule quanto tempo leva (em minutos) para o carro Y tomar essa distância do outro carro em Python.",easy,45,92%
16,"Joaozinho quer calcular e mostrar a quantidade de litros de combustível gastos em uma viagem, ao utilizar um automóvel que faz 12 KM/L. Para isso, ele gostaria que você o auxiliasse através de um simples programa em Python. Para efetuar o cálculo, deve-se fornecer o tempo gasto na viagem (em horas) e a velocidade média durante a mesma (em km/h). Assim, pode-se obter distância percorrida e, em seguida, calcular quantos litros seriam necessários. Mostre o valor com 3 casas decimais após o ponto.",easy,45,90%
17,"Leia um valor inteiro. A seguir, calcule o menor número de notas possíveis (cédulas) no qual o valor pode ser decomposto. As notas consideradas são de 100, 50, 20, 10, 5, 2 e 1. A seguir mostre o valor lido e a relação de notas necessárias em Python.",medium,60,85%
18,"Leia um valor inteiro, que é o tempo de duração em segundos de um determinado evento em uma fábrica, e informe-o expresso no formato horas:minutos:segundos em Python.",medium,45,88%
19,"Leia um valor inteiro correspondente à idade de uma pessoa em dias e informe-a em anos, meses e dias em Python. Obs.: apenas para facilitar o cálculo, considere todo ano com 365 dias e todo mês com 30 dias. Nos casos de teste nunca haverá uma situação que permite 12 meses e alguns dias, como 360, 363 ou 364. Este é apenas um exercício com objetivo de testar raciocínio matemático simples.",medium,60,85%
20,"Em Python, leia um valor de ponto flutuante com duas casas decimais. Este valor representa um valor monetário. A seguir, calcule o menor número de notas e moedas possíveis no qual o valor pode ser decomposto. As notas consideradas são de 100, 50, 20, 10, 5, 2. As moedas possíveis são de 1, 0.50, 0.25, 0.10, 0.05 e 0.01. A seguir mostre a relação de notas necessárias.",medium,90,85%
21,"Em Python, leia 4 valores inteiros A, B, C e D. A seguir, se B for maior do que C e se D for maior do que A, e a soma de C com D for maior que a soma de A e B e se C e D, ambos, forem positivos e se a variável A for par escrever a mensagem “Valores aceitos”, senão escrever “Valores nao aceitos”.",medium,60,85%
22,"Leia 3 valores de ponto flutuante em Python e efetue o cálculo das raízes da equação de Bhaskara. Se não for possível calcular as raízes, mostre a mensagem correspondente “Impossivel calcular”, caso haja uma divisão por 0 ou raiz de número negativo.",medium,90,85%
23,"Você deve fazer um programa em Python que leia um valor qualquer e apresente uma mensagem dizendo em qual dos seguintes intervalos ([0,25], (25,50], (50,75], (75,100]) este valor se encontra. Obviamente se o valor não estiver em nenhum destes intervalos, deverá ser impressa a mensagem “Fora de intervalo”. O símbolo ( representa “maior que”. Por exemplo: [0,25] indica valores entre 0 e 25.0000, inclusive eles. (25,50] indica valores maiores que 25 Ex: 25.00001 até o valor 50.0000000.",medium,60,85%
24,"Leia 3 valores inteiros em Python e ordene-os em ordem crescente. No final, mostre os valores em ordem crescente, uma linha em branco e em seguida, os valores na sequência como foram lidos.",medium,60,90%
25,"Leia 2 valores inteiros (A e B) em Python. Após, o programa deve mostrar uma mensagem “Sao Multiplos” ou “Nao sao Multiplos”, indicando se os valores lidos são múltiplos entre si.",easy,30,95%
26,"Em Python, leia a hora inicial e a hora final de um jogo. A seguir calcule a duração do jogo, sabendo que o mesmo pode começar em um dia e terminar em outro, tendo uma duração mínima de 1 hora e máxima de 24 horas.",easy,45,92%
27,"Leia a hora inicial, minuto inicial, hora final e minuto final de um jogo. A seguir calcule a duração do jogo em Python. Obs: O jogo tem duração mínima de um (1) minuto e duração máxima de 24 horas.",medium,60,88%
28,"Em Python, leia um valor inteiro entre 1 e 12, inclusive. Correspondente a este valor, deve ser apresentado como resposta o mês do ano por extenso, em inglês, com a primeira letra maiúscula.",easy,30,95%
29,"Faça um programa em Python que mostre os números pares entre 1 e 100, inclusive.",easy,30,97%
30,"Faça um programa em Python que leia 6 valores. Estes valores serão somente negativos ou positivos (desconsidere os valores nulos). A seguir, mostre a quantidade de valores positivos digitados.",easy,45,95%
31,"Pedrinho está organizando um evento em sua Universidade. O evento deverá ser no mês de Abril, iniciando e terminando dentro do mês. O problema é que Pedrinho quer calcular o tempo que o evento vai durar, uma vez que ele sabe quando inicia e quando termina o evento. Sabendo que o evento pode durar de poucos segundos a vários dias, você deverá ajudar Pedrinho a calcular a duração deste evento em Python.",medium,90,85%
32,"Leia 6 valores em Python. Em seguida, mostre quantos destes valores digitados foram positivos. Na próxima linha, deve-se mostrar a média de todos os valores positivos digitados, com um dígito após o ponto decimal.",medium,60,92%
33,Faça um programa em Python que leia 5 valores inteiros. Conte quantos destes valores digitados são pares e mostre esta informação.,easy,30,95%
34,"Leia 5 valores Inteiros em Python. A seguir mostre quantos valores digitados foram pares, quantos valores digitados foram ímpares, quantos valores digitados foram positivos e quantos valores digitados foram negativos.",medium,60,90%
35,"Em Python, leia um valor inteiro X (1 <= X <= 1000). Em seguida mostre os ímpares de 1 até X, um valor por linha, inclusive o X, se for o caso.",easy,30,95%
36,"Em Python, leia um valor inteiro X. Em seguida apresente os 6 valores ímpares consecutivos a partir de X, um valor por linha, inclusive o X se for o caso.",medium,45,90%
37,"Em Python, leia 2 valores inteiros X e Y. A seguir, calcule e mostre a soma dos números ímpares entre eles.",medium,60,90%
38,"Em Python, leia um valor inteiro N. Este valor será a quantidade de valores inteiros X que serão lidos em seguida. Mostre quantos destes valores X estão dentro do intervalo [10,20] e quantos estão fora do intervalo, mostrando essas informações.",medium,60,92%
39,"Em Python, leia um valor inteiro N. Apresente o quadrado de cada um dos valores pares, de 1 até N, inclusive N, se for o caso.",medium,60,90%
40,"Em Python, leia um valor inteiro N. Este valor será a quantidade de valores que serão lidos em seguida. Para cada valor lido, mostre uma mensagem em inglês dizendo se este valor lido é par (EVEN), ímpar (ODD), positivo (POSITIVE) ou negativo (NEGATIVE). No caso do valor ser igual a zero (0), embora a descrição correta seja (EVEN NULL), pois por definição zero é par, seu programa deverá imprimir apenas NULL.",medium,90,88%
41,"Em Python, leia um valor inteiro N. Apresente todos os números entre 1 e 10000 que divididos por N dão resto igual a 2.",medium,60,90%
42,"Em Python, leia 1 valor inteiro N (2 < N < 1000). A seguir, mostre a tabuada de N: 1 x N = N, 2 x N = 2N, …, 10 x N = 10N.",easy,45,95%
43,"Em Python, leia 1 valor inteiro N, que representa o número de casos de teste que vem a seguir. Cada caso de teste consiste de 3 valores reais, cada um deles com uma casa decimal. Apresente a média ponderada para cada um destes conjuntos de 3 valores, sendo que o primeiro valor tem peso 2, o segundo valor tem peso 3 e o terceiro valor tem peso 5.",medium,90,88%
44,"Em Python, leia 100 valores inteiros. Apresente então o maior valor lido e a posição dentre os 100 valores lidos.",medium,60,90%
45,"Em Python, leia um valor inteiro N que é a quantidade de casos de teste que vem a seguir. Cada caso de teste consiste de dois inteiros X e Y. Você deve apresentar a soma de todos os ímpares existentes entre X e Y.",medium,90,88%
46,"Em Python, leia um conjunto não determinado de pares de valores M e N (parar quando algum dos valores for menor ou igual a zero). Para cada par lido, mostre a sequência do menor até o maior e a soma dos inteiros consecutivos entre eles (incluindo o N e M).",medium,90,88%
47,"Em Python, leia uma quantidade indeterminada de duplas de valores inteiros X e Y. Escreva para cada X e Y uma mensagem que indique se estes valores foram digitados em ordem crescente ou decrescente.",medium,60,90%
48,"Em Python, escreva um programa que repita a leitura de uma senha até que ela seja válida. Para cada leitura de senha incorreta informada, escrever a mensagem “Senha Invalida”. Quando a senha for informada corretamente deve ser impressa a mensagem “Acesso Permitido” e o algoritmo encerrado. Considere que a senha correta é o valor 2002.",easy,45,95%
49,"Em Python, escreva um programa para ler as coordenadas (X, Y) de uma quantidade indeterminada de pontos no sistema cartesiano. Para cada ponto, escreva o quadrante a que ele pertence. O algoritmo será encerrado quando pelo menos uma de duas coordenadas for NULA (nesta situação sem escrever mensagem alguma).",medium,60,90%
50,"Em Python, escreva um algoritmo que leia 2 números e imprima o resultado da divisão do primeiro pelo segundo. Caso não for possível mostre a mensagem “divisao impossivel” para os valores em questão.",easy,45,92%
51,"Em Python, faça um programa que leia as notas referentes às duas avaliações de um aluno. Calcule e imprima a média semestral. Faça com que o algoritmo só aceite notas válidas (uma nota válida deve pertencer ao intervalo [0,10]). Cada nota deve ser validada separadamente.",medium,60,90%
52,"Em Python, escreva um programa para ler as notas da primeira e a segunda avaliação de um aluno. Calcule e imprima a média semestral. O programa só deverá aceitar notas válidas (uma nota válida deve pertencer ao intervalo [0,10]). Cada nota deve ser validada separadamente. No final deve ser impressa a mensagem “novo calculo (1-sim 2-nao)”, solicitando ao usuário que informe um código (1 ou 2) indicando se ele deseja ou não executar o algoritmo novamente, (aceitar apenas os código 1 ou 2). Se for informado o código 1 deve ser repetida a execução de todo o programa para permitir um novo cálculo, caso contrário o programa deve ser encerrado.",medium,90,85%
53,"Em Python, escreva um algoritmo que leia 2 valores inteiros X e Y calcule a soma dos números que não são múltiplos de 13 entre X e Y, incluindo ambos.",medium,60,88%
54,"Em Python, escreva um programa que leia 2 valores X e Y e que imprima todos os valores entre eles cujo resto da divisão dele por 5 for igual a 2 ou igual a 3.",medium,60,85%
55,"Em Python, um Posto de combustíveis deseja determinar qual de seus produtos tem a preferência de seus clientes. Escreva um algoritmo para ler o tipo de combustível abastecido (codificado da seguinte forma: 1.Álcool 2.Gasolina 3.Diesel 4.Fim). Caso o usuário informe um código inválido (fora da faixa de 1 a 4) deve ser solicitado um novo código (até que seja válido). O programa será encerrado quando o código informado for o número 4.",medium,60,90%
56,"Em Python, escreva um programa que leia um valor inteiro N. Este N é a quantidade de linhas de saída que serão apresentadas na execução do programa.",easy,45,90%
57,"Em Python, escreva um programa que leia um valor inteiro N (1 < N < 1000). Este N é a quantidade de linhas de saída que serão apresentadas na execução do programa.",easy,45,90%
58,"Em Python, escreva um programa que leia um valor inteiro N. N * 2 linhas de saída serão apresentadas na execução do programa, seguindo a lógica do exemplo abaixo. Para valores com mais de 6 dígitos, todos os dígitos devem ser apresentados.",medium,60,88%
59,"Em Python, escreva um programa que leia dois valores X e Y. A seguir, mostre uma sequência de 1 até Y, passando para a próxima linha a cada X números.",medium,60,88%
60,"Em Python, este programa deve ler uma variável inteira X inúmeras vezes (deve parar quando o valor no arquivo de entrada for igual a zero). Para cada valor lido imprima a sequência de 1 até X, com um espaço entre cada número e seu sucessor.",medium,60,90%
61,"Faça um algoritmo para ler um valor A e um valor N. Imprimir a soma de A + i para cada i com os valores (0 <= i <= N-1). Enquanto N for negativo ou ZERO, um novo N(apenas N) deve ser lido.",medium,60,88%
62,"A seguinte sequência de números 0 1 1 2 3 5 8 13 21… é conhecida como série de Fibonacci. Nessa sequência, cada número, depois dos 2 primeiros, é igual à soma dos 2 anteriores. Escreva um algoritmo que leia um inteiro N (N < 46) e mostre os N primeiros números dessa série.",medium,60,90%
63,Ler um valor N. Calcular e escrever seu respectivo fatorial. Fatorial de N = N * (N-1) * (N-2) * (N-3) * … * 1.,medium,60,90%
64,"Faça um algoritmo para ler um número indeterminado de dados, contendo cada um, a idade de um indivíduo. O último dado, que não entrará nos cálculos, contém o valor de idade negativa. Calcular e imprimir a idade média deste grupo de indivíduos.",medium,90,85%
65,"Escreva um algoritmo para calcular e escrever o valor de S, sendo S dado pela fórmula: S = 1 + 1/2 + 1/3 + … + 1/100",medium,60,90%
66,"Escreva um algoritmo para calcular e escrever o valor de S, sendo S dado pela fórmula: S = 1 + 3/2 + 5/4 + 7/8 + … + 39/?",medium,60,88%
67,Ler um número inteiro N e calcular todos os seus divisores.,easy,45,95%
68,Leia um valor inteiro N que é a quantidade de casos de teste que vem a seguir. Cada caso de teste consiste de dois inteiros X e Y. Você deve apresentar a soma de Y ímpares consecutivos a partir de X inclusive o próprio X se ele for ímpar.,medium,60,90%
69,"O programa deve ler um valor inteiro X indefinidas vezes. (O programa irá parar quando o valor de X for igual a 0). Para cada X lido, imprima a soma dos 5 pares consecutivos a partir de X, inclusive o X , se for par.",medium,60,90%
70,"Na matemática, um número perfeito é um número inteiro para o qual a soma de todos os seus divisores positivos próprios (excluindo ele mesmo) é igual ao próprio número. Por exemplo, o número 6 é perfeito, pois 1+2+3 é igual a 6. Sua tarefa é escrever um programa que imprima se um determinado número é perfeito ou não.",medium,60,90%
71,"Na matemática, um Número Primo é aquele que pode ser dividido somente por 1 (um) e por ele mesmo. Por exemplo, o número 7 é primo, pois pode ser dividido apenas pelo número 1 e pelo número 7.",easy,45,92%
72,"Faça um programa que leia um vetor X[10]. Substitua a seguir, todos os valores nulos e negativos do vetor X por 1. Em seguida mostre o vetor X.",easy,60,95%
73,"Leia um valor e faça um programa que coloque o valor lido na primeira posição de um vetor N[10]. Em cada posição subsequente, coloque o dobro do valor da posição anterior. Por exemplo, se o valor lido for 1, os valores do vetor devem ser 1,2,4,8 e assim sucessivamente. Mostre o vetor em seguida.",easy,60,95%
74,"Faça um programa que leia um vetor A[100]. No final, mostre todas as posições do vetor que armazenam um valor menor ou igual a 10 e o valor armazenado em cada uma das posições.",easy,60,95%
75,"Faça um programa que leia um vetor N[20]. Troque a seguir, o primeiro elemento com o último, o segundo elemento com o penúltimo, etc., até trocar o 10º com o 11º. Mostre o vetor modificado.",medium,90,90%
76,Faça um programa que leia um valor e apresente o número de Fibonacci correspondente a este valor lido. Lembre que os 2 primeiros elementos da série de Fibonacci são 0 e 1 e cada próximo termo é a soma dos 2 anteriores a ele. Todos os valores de Fibonacci calculados neste problema devem caber em um inteiro de 64 bits sem sinal.,medium,60,92%
77,"Faça um programa que leia um valor T e preencha um vetor N[1000] com a sequência de valores de 0 até T-1 repetidas vezes, conforme exemplo abaixo. Imprima o vetor N.",medium,90,88%
78,"Leia um valor X. Coloque este valor na primeira posição de um vetor N[100]. Em cada posição subsequente de N (1 até 99), coloque a metade do valor armazenado na posição anterior. Imprima o vetor N.",medium,90,92%
79,"Neste problema você deverá ler 15 valores colocá-los em 2 vetores conforme estes valores forem pares ou ímpares. Só que o tamanho de cada um dos dois vetores é de 5 posições. Então, cada vez que um dos dois vetores encher, você deverá imprimir todo o vetor e utilizá-lo novamente para os próximos números que forem lidos. Terminada a leitura, deve-se imprimir o conteúdo que restou em cada um dos dois vetores, imprimindo primeiro os valores do vetor impar. Cada vetor pode ser preenchido tantas vezes quantas for necessário.",hard,120,85%
80,"Faça um programa que leia um valor N. Este N será o tamanho de um vetor X[N]. A seguir, leia cada um dos valores de X, encontre o menor elemento deste vetor e a sua posição dentro do vetor, mostrando esta informação.",medium,60,92%
81,"Escreva um algoritmo que leia um inteiro N (0 ≤ N ≤ 100), correspondente à ordem de uma matriz M de inteiros, e construa a matriz de acordo com o exemplo abaixo.",medium,90,88%
82,"Escreva um algoritmo que leia um inteiro N (0 ≤ N ≤ 100), correspondente à ordem de uma matriz M de inteiros, e construa a matriz de acordo com o exemplo abaixo.",medium,90,88%
83,Leia um valor inteiro N que é o tamanho da matriz que deve ser impressa conforme o modelo fornecido.,medium,90,88%
84,"Escreva um algoritmo que leia um inteiro N (0 ≤ N ≤ 15), correspondente à ordem de uma matriz M de inteiros, e construa a matriz de acordo com o exemplo abaixo.",medium,90,90%
85,"O Brasil é o país sede da copa esse ano. Porém, há muitas pessoas protestando contra o governo. Em redes sociais é possível ver pessoas afirmando que não vai ter copa devido aos protestos. Mas esses rumores de que não haverá copa são totalmente falsos, a presidente Dilma Roussef já avisou: vai ter copa sim, e se reclamar vai ter duas!",easy,30,95%
86,Papai Noel está brincando com seus duendes para entretê-los durante a véspera do Natal. A brincadeira consiste nos elfos escreverem números em pedaços de papel e colocarem no gorro do Papai Noel. Após todos terminarem de colocar os números Noel sorteia um papel e aquele número representa quantos “Ho” o Noel deve falar. Seu trabalho é ajudar o Papai Noel montando um problema que mostre todos os “Ho” que ele deve falar dado o número sorteado.,easy,30,95%
87,"Neste programa seu trabalho é ler um valor inteiro que será o tamanho da matriz quadrada (largura e altura) que será preenchida da seguinte forma: a parte externa é preenchida com 0, a parte interna é preenchida com 1, a diagonal principal é preenchida com 2, a diagonal secundária é preenchida com 3 e o ponto central contém o valor 4, conforme os exemplos abaixo.",hard,120,85%
88,"Odin criou para Thor a mais fiel e poderosa arma possível, o martelo Mjölnir. Feito de um minério místico especial chamado Uru e forjado no coração de uma estrela pelos Deuses ferreiros de Asgard, Brokk e Eitri, os lendários ferreiros. Um dia, Thor desafiou seus amigos para ver quem conseguia levantar o Mjölnir. Escreva um programa que, dado um nome, e a força, em Newtons, aplicado ao tentar levantar o Mjölnir, informar se a pessoa conseguiu ou não levantá-lo.",easy,30,95%
89,"Dois amigos pedem ao atendente de uma lanchonete propor um desafio, de modo que quem acertasse mais, não precisaria pagar a conta. Então foi proposto o seguinte: Dado o seguinte somatório abaixo, informar o resultado, com uma quantidade de termos no mesmo: S = 1 - 1 + 1 - 1 + 1 - 1 + … Escreva um programa que, dada uma quantidade de termos, informar o resultado do somatório acima.",easy,30,90%
90,"Ana e suas amigas estão fazendo um trabalho de geometria para o colégio, em que precisam formar vários triângulos, numa cartolina, com algumas varetas de comprimentos diferentes. Logo elas perceberam que não dá para formar triângulos com três varetas de comprimentos quaisquer: se uma das varetas for muito grande em relação às outras duas, não dá para formar o triângulo. Neste problema, você precisa ajudar Ana e suas amigas a determinar se, dados os comprimentos de quatro varetas, é ou não é possível selecionar três varetas, dentre as quatro, e formar um triângulo.",medium,60,85%
91,"Os dados armazenados no computador estão em binário. Uma forma econômica de ver estes números é usar a base 16 (hexadecimal). Sua tarefa consiste em escrever um programa que, dado um número natural na base 10, mostre sua representação em hexadecimal.",easy,30,95%
92,"Números em ponto flutuante podem ser bastante extensos para mostrar. Nesses casos, é conveniente usar a notação científica. Você deve escrever um programa que, dado um número em ponto flutuante, mostre este número na notação científica: sempre mostre o sinal da mantissa; sempre mostre 4 casas decimais na mantissa; use o caractere ‘E’ para separar a mantissa do expoente; sempre mostre o sinal do expoente; e mostre o expoente com pelo menos 2 dígitos.",medium,60,90%
93,"A ECI (Editio Chronica Incredibilis ou Editora de Crônicas Incríveis) é muito tradicional quando se trata de numerar as páginas de seus livros. Ela sempre usa a numeração romana para isso. E seus livros nunca ultrapassam as 999 páginas pois, quando necessário, dividem o livro em volumes. Você deve escrever um programa que, dado um número arábico, mostra seu equivalente na numeração romana. Lembre que I representa 1, V é 5, X é 10, L é 50, C é 100, D é 500 e M representa 1000.",medium,90,88%
94,"Raul Seixas cantava que nasceu há 10 mil anos atrás e não tinha nada nesse mundo que ele não sabia demais. Os Mamonas Assassinas cantavam que mais de 10 mil anos “se passaram-se” [sic] quando eles repetiram a 5a série. Tantos eventos passados e o professor MC ficou curioso para saber em que ano tudo isso aconteceu. Você deve escrever um programa que, dada uma série de número de anos transcorridos, mostre, para cada número, em que ano o evento aconteceu. Lembre-se de indicar se ele aconteceu A.C. (Antes de Cristo) ou D.C. (Depois de Cristo).",medium,60,90%
95,"As aulas do Prof. Jatobá estão dando o que falar. Os representantes do MEC vieram até a UNIME de Lauro de Freitas para saber mais detalhes sobre essa nova forma de ensinar Algoritmos. Além disso, eles queriam selecionar 1 aluno para participar da OBI-Tec (Olimpíada Brasileira de Informática Nível Técnica) e representar a rede Kroton na competição, pois sabem que lá estão os melhores. Para selecionar o melhor, eles têm disponível uma lista com o número de inscrição de cada aluno e a sua respectiva nota na disciplina. Sua tarefa é ajudar o pessoal do MEC a encontrar o aluno mais apto a representar a instituição e quem sabe garantir sua vaga. Só tem um detalhe, se a nota mais alta não for maior ou igual a 8, você deverá imprimir “Minimum note not reached”.",medium,60,92%
96,"Os cientistas da NASA descobriram um novo exoplaneta que fica a 1 bilhão de anos luz da terra. O nome desse planeta foi batizado de Pronalândia em homenagem aos novos cientistas que estão sendo formados no PRONATEC. Só que o mais incrível ainda está por vir. Ao observar melhor o planeta eles conseguiram identificar que os habitantes da Pronalândia estavam querendo se comunicar por uma numeração. Só que a numeração que encontraram está invertida e como encontraram muitas delas chamaram você para conseguir automatizar esse processo. Logo, dado um número grande, sua tarefa é imprimir esse número invertido.",easy,30,95%
97,"Domingo é dia de feira. Logo de manhã muitas pessoas se deslocam para o polo de lazer da Parangaba, onde acontece uma feira, conhecida por ser a maior da cidade. Na feira da Parangaba você pode encontrar de tudo. Todos os domingos, Bino faz compras na feira. Ele sempre marca com seu amigo Cino de se encontrarem no terminal de ônibus da Parangaba às 8h, para irem juntos comprar na feira. Porém, muitas vezes Bino acorda muito tarde e se atrasa para o encontro com seu amigo. Sabendo que Bino leva de 30 a 60 minutos para chegar ao terminal. Diga o atraso máximo de Bino.",easy,30,95%
98,"Paulo e Pedro fizeram uma longa jornada desde que partiram do Brasil para competir na Final Mundial da Maratona, em Phuket, Tailândia. Notaram que a cada escala que faziam, tinham que ajustar seus relógios por causa do fuso horário. Assim, para melhor se organizarem para as próximas viagens, eles pediram que você faça um aplicativo para celular que, dada a hora de saída, tempo de viagem e o fuso do destino com relação à origem, você informe a hora de chegada de cada vôo no destino. Por exemplo, se eles partiram às 10 horas da manhã para uma viagem de 4 horas rumo a um destino que fica à leste, em um fuso horário com uma hora a mais com relação ao fuso horário do ponto de partida, a hora de chegada terá que ser: 10 horas + 4 horas de viagem + 1 hora de deslocamento pelo fuso, ou seja, chegarão às 15 horas. Note que se a hora calculada for igual a 24, seu programa deverá imprimir 0 (zero).",medium,60,92%
99,"Bino e Cino são colegas inseparáveis. Bino gosta de criar desafios matemáticos para Cino resolver. Desta vez, Bino gerou uma lista de números e perguntou ao Cino quantos números da lista são múltiplos de 2, 3, 4 e 5. Esse desafio pode parecer simples, porém, quando a lista contém muitos números, Cino se confunde e acaba errando alguns cálculos. Para ajudar Cino, faça um programa para resolver o desafio de Bino.",medium,60,90%
100,"Dados dois números naturais N1 e N2, diz-se que N1 é subsequência contígua de N2 se todos os dígitos de N1 aparecem, na mesma ordem e de forma contígua, em N2. Crie uma aplicação que leia dois números naturais e diga se o primeiro é uma subsequência contígua do segundo.",medium,60,92%
101,"Gilberto é um famoso vendedor de esfirras na região. Porém, apesar de todos gostarem de suas esfirras, ele só sabe dar o troco com duas notas, ou seja, nem sempre é possível receber o troco certo. Para facilitar a vida de Gil, escreva um programa para ele que determine se é possível ou não devolver o troco exato utilizando duas notas. As notas disponíveis são: 2, 5, 10, 20, 50 e 100.",medium,60,90%
102,"Sr. Amnésio tinha uma grande dificuldade em guardar senhas. Para lembrá-las, ele sempre usava números, e as escrevia em pedaços de papel, que também perdia com facilidade, fazendo com que ele precisasse modificar a senha cada vez que isto acontecia. Cansado, ele pensou em uma forma mais prática: colocava no papel um número próximo da senha, depois ele usava sempre uma mesma conta para lembrar a senha, baseada no número escrito no papel. Mas ele também esquecia a fórmula, por isto, pediu para você escrever um programa que, dado o número do papel, informe a senha correspondente.",easy,30,95%
103,"Preencher formulários é uma tarefa simples. Mas é preciso conferir se o espaço reservado para os dados é suficiente. Sua tarefa é, dada uma linha de texto, indicar se ele cabe ou não cabe em um formulário com 80 caracteres.",easy,30,95%
104,"Ao observar a paisagem da Nlogônia, o professor MC percebeu que a cada intervalo de 100 metros existe um pico. E que exatamente na metade de dois picos há um vale. Logo, a cada 50 metros há um vale ou um pico e, ao longo da paisagem, não há um pico seguido por outro pico, nem um vale seguido por outro vale. O professor MC ficou curioso com esse padrão e quer saber se, ao medir outras paisagens, isso se repete. Sua tarefa é, dada uma paisagem, indicar se ela possui esse padrão ou não.",medium,60,90%
105,O microblog Twitter é conhecido por limitar as postagens em 140 caracteres. Conferir se um texto vai caber em um tuíte é sua tarefa.,easy,30,95%
106,"Ao observar a curva de velocidade de um motor, o engenheiro Zé percebeu que sempre ocorria uma queda quando as medidas eram feitas em intervalos de 10 ms. Mas esta queda acontecia em medidas diferentes a cada novo teste do motor. Zé ficou curioso com essa falta de padrão e quer saber, para cada teste do motor, qual a primeira medida em que ocorre uma queda de velocidade.",medium,60,90%
107,"No crepúsculo, a cidade de Portland fica cheia de vampiros e lobisomens. Entretanto, nenhum deles quer ser visto enquanto passeiam pelo centro. Vão ser instaladas câmeras de vigilância em cada esquina do centro de Portland. A cada mês, um mapa atualizado com as câmeras já em funcionamento é disponibilizado no site da prefeitura. Uma quadra é considerada segura se existem câmeras em, pelo menos, duas de suas quatro esquinas. No centro de Portland todas as quadras são quadrados de mesmo tamanho. Sua tarefa é, dado o mapa das câmeras em funcionamento nas esquinas, indicar o status de todas as quadras do centro.",hard,120,85%
108,"Prog e Cackto começaram recentemente a jogar um jogo de RPG chamado Fortaleza. Neste, para o jogador evoluir de nível o mesmo precisa derrotar monstros, nos quais dá um valor de experiência (XP) para o jogador. A produtora do jogo, Jogos Extremos, anunciou que na próxima semana irá realizar o primeiro evento XP no qual aumentará a experiência dos monstros em X vezes. Como Prog e Cackto estão em um nível muito alto no qual os monstros têm um valor muito alto de pontos de experiência, eles estão tendo dificuldades de calcular a quantidade de pontos de experiência que os monstros terão durante o evento. Você pode ajudá-los?",easy,30,95%
109,"Em 2012 foi alcançado um novo recorde mundial na famosa Competição de Cachorros-Quentes do Nathan: o campeão, Joey Chestnut, devorou 68 cachorros-quentes em dez minutos, um aumento incrível em relação aos 62 sanduíches devorados pelo mesmo Chestnut em 2011. O restaurante Nathan’s Famous Corporation, localizado no Brooklyn, NY, é o responsável pela competição. Eles produzem deliciosos cachorros-quentes, mundialmente famosos, mas quando o assunto é matemática eles não são tão bons. Eles desejam ser listados no Livro de Recordes do Guinness, mas para isso devem preencher um formulário descrevendo os fatos básicos da competição. Em particular, eles devem informar o número médio de cachorros-quentes consumidos pelos participantes durante a competição. Você pode ajudá-los? Eles prometeram pagá-lo com um dos seus saborosos cachorros-quentes. Dados o número total de cachorros-quentes consumidos e o número total de participantes na competição, você deve escrever um programa para determinar o número médio de cachorros-quentes consumidos pelos participantes.",easy,30,95%
110,"Imagine que você tenha uma máquina do tempo que pode ser usada no máximo três vezes, e a cada uso da máquina você pode escolher voltar para o passado ou ir para o futuro. A máquina possui três créditos fixos; cada crédito representa uma certa quantidade de anos, e pode ser usado para ir essa quantidade de anos para o passado ou para o futuro. Você pode fazer uma, duas ou três viagens, e cada um desses três créditos pode ser usado uma vez apenas. Por exemplo, se os créditos forem 5, 12 e 9, você poderia decidir fazer duas viagens: ir 5 anos para o futuro e, depois, voltar 9 anos para o passado. Dessa forma, você terminaria quatro anos no passado, em 2012. Também poderia fazer três viagens, todas indo para o futuro, usando os créditos em qualquer ordem, terminando em 2042. Neste problema, dados os valores dos três créditos da máquina, seu programa deve dizer se é ou não possível viajar no tempo e voltar para o presente, fazendo pelo menos uma viagem e, no máximo, três viagens; sempre usando cada um dos três créditos no máximo uma vez.",hard,90,88%
111,"Um treinador de voleibol gostaria de manter estatísticas sobre sua equipe. A cada jogo, seu auxiliar anota quantas tentativas de saques, bloqueios e ataques cada um de seus jogadores fez, bem como quantos desses saques, bloqueios e ataques tiveram sucesso (resultaram em pontos). Seu programa deve mostrar qual o percentual de saques, bloqueios e ataques do time todo tiveram sucesso.",medium,60,92%
112,"Em uma determinada competição de saltos ornamentais, cada salto recebe um grau de dificuldade e é avaliado por sete juízes. Após cada salto, os juízes, que não se comunicam uns com os outros, mostram suas notas. Um salto é cotado entre zero e dez pontos. Depois de apresentadas as notas, a mais alta e a mais baixa são descartadas. O restante é somado e multiplicado pelo grau de dificuldade do salto, que gira entre 1,2 e 3,8, definido sempre antes do início da apresentação do atleta. O julgamento então é feito da seguinte forma: supondo que um saltador tenha sua nota de partida (seu grau de dificuldade de movimento) avaliada em 2,0 e tire notas 6,0, 5,0, 5,0, 5,0, 5,0, 5,0, 4,0 em sua execução. Disso, retira-se a nota mais baixa e a mais alta, o que gera um resultado parcial de 25,0. Então, pega-se a nota de execução e multiplica-a pela nota de partida para se chegar ao resultado final, que neste exemplo é de 50,0. Seu programa deve apresentar o resultado de uma competição de acordo com estas regras.",medium,90,92%
113,"Dados três valores, verifique se os três podem formar um triângulo. Em caso afirmativo, verifique se ele é escaleno, isóceles ou equilátero e se trata-se de um triângulo retângulo ou não.",medium,60,90%
114,"Você fica tão feliz no Natal que tem vontade de gritar para todo mundo: “Feliz Natal!!”. Pra colocar toda essa felicidade pra fora, você montou um programa que, colocado um índice I de felicidade, seu grito de Natal é mais animado.",easy,30,95
115,"Samu Elmito adora criar jogos peculiares para desafiar seus amigos. Desta vez, ele inventou um jogo chamado “Jogo do Operador”, em que ele cria expressões básicas e cada jogador deve escolher uma expressão e preencher a lacuna com o operador correto para validá-la. Os jogadores poderão escolher operadores de somente três tipos: adição, subtração e multiplicação. Porém, se o jogador achar que não há operador entre os três tipos que valide a expressão, poderá responder Impossível. Sua tarefa é simples: dadas as expressões e as respostas dos jogadores, determinar os jogadores que não passarão para a outra fase do jogo.",medium,90,88%
116,"Ao voltar de um intenso jogo de RPG na casa de um amigo, o jovem Will desapareceu misteriosamente! Todos estão desesperadamente procurando por ele por todos os cantos. Enquanto isso, coisas estranhas estão acontecendo em sua casa. Uma delas, entretanto, lhe permite comunicar-se com o garoto! Há exatamente 26 lâmpadas penduradas na parede da sua sala, numeradas de 1 a 26 da esquerda para a direita. Além disso, há uma letra do alfabeto pintada na parede em baixo de cada lâmpada. Quando Will quer lhe enviar uma mensagem, ele irá (misteriosamente) piscar, uma a uma, as lâmpadas correspondentes a cada letra de sua mensagem. Por exemplo, se ele quer enviar a mensagem HELP, ele irá piscar, nesta ordem, as lâmpadas acima das letras H, E, L e P. Dada a letra associada a cada lâmpada e a ordem das lâmpadas que foram piscadas por Will, decifre a mensagem que ele enviou!",medium,60,92%
117,"Todo ano bissexto é realizado o exame geral de matemática da Nlogônia. Todos os cidadãos da nação são avaliados a fim de se estudar o desenvolvimento lógico e matemático do país ao longo dos anos. Após as correções, os cidadãos são ordenadados de acordo com suas notas (quanto maior, melhor) e recebem descontos no imposto de renda de acordo com sua qualificação. O Escritório Central de Estatística (ECE) é encarregado de processar os dados das notas obtidas no exame. Entretanto este ano, Vasya, um dos responsáveis, está internado no hospital com gripe H1N1 e você foi contratado para realizar o seu trabalho. Escreva um programa que dado o número de habitantes da Nlogônia e todas as notas obtidas, responda as consultas para retornar a nota do cidadão que ficou em determinada posição.",medium,90,90%
118,"Analógimôn Go! é um jogo bastante popular. Os jogadores de Analógimôn Go! são divididos em três grandes times: Time Valor, Time Instinto e Time Místico, que são liderados pelos seus líderes Kandera, Esparky e Blanque, respectivamente. Naturalmente, você faz parte de um desses times! O líder do seu time está sendo acusado de infringir as regras do jogo por gerenciar incorretamente os doces recebidos do Professor que são destinados ao time. Isto criou uma grande polêmica dentro da equipe: alguns jogadores defendem que o líder realmente agiu incorretamente e deve sofrer um impeachment e ser afastado de seu cargo, enquanto outros defendem que ele não infringiu as regras, que a acusação é inverídica e que ele deve continuar no cargo. Para resolver a situação, uma votação será realizada entre todos os N jogadores do seu time. Cada jogador deverá votar se o impeachment deve ou não ocorrer. Se o número de votos favoráveis ao impeachment foi maior ou igual a 2/3 (dois terços) do total de jogadores, o líder será afastado. Caso contrário, a acusação é arquivada e ele continuará no cargo.",medium,60,92%
119,"Iu-di-oh! é um jogo de cartas que virou uma verdadeira febre entre os jovens! Todo jogador de Iu-di-oh! tem seu próprio baralho, contendo várias cartas do jogo. Cada carta contém N atributos (como força, velocidade, inteligência, etc.). Os atributos são numerados de 1 a N e são dados por inteiros positivos. Uma partida de Iu-di-oh! é sempre jogada por dois jogadores. Ao iniciar a partida, cada jogador escolhe exatamente uma carta de seu baralho. Após as escolhas, um atributo é sorteado. Vence o jogador cujo atributo sorteado em sua carta escolhida é maior que na carta escolhida pelo adversário. Caso os atributos sejam iguais, a partida empata. Marcos e Leonardo estão na grande final do campeonato brasileiro de Iu-di-oh!, cujo prêmio é um Dainavision (que é quase um Plaisteition 2!). Dados os baralhos de ambos, a carta escolhida por cada um e o atributo sorteado, determine o vencedor!",medium,90,90%
120,"Assim como a maioria dos estudantes de computação, você vive jogando os jogos eletrônicos mais populares atualmente: Liga of Legendas (LOL) e Contra-Strike (CS). Embora você também jogue LOL, você gosta mais é de usar todas suas grandes habilidades para derrotar a equipe terrorista em Contra-Strike! Você é tão empenhado no combate ao terror que é frequentemente comparado com o presidente dos EUA que anunciou a captura e derrota de um grande terrorista da vida real. Por ser bastante habilidoso, os vídeos de suas jogadas (seus famosos gameplays) vivem aparecendo na Jogatina UFPR, uma página na internet que publica gameplays de alunos da universidade. A página publica muitos vídeos diariamente. Por isso, pode ser dificil encontrar e contar todos os seus vídeos na página. Entretanto, como você também é programador, você decidiu escrever um programa para auxiliá-lo nesta tarefa. Dada a lista de gameplays publicados na página, determine quantos gameplays seus de Contra-Strike foram publicados.",easy,30,95%
121,"O Kage Bunshin no Jutsu (ou a “técnica dos clones de sombra”, para os lusofalantes) é uma técnica milenar bastante utilizada em batalhas ninja. Quando utilizada, a técnica cria uma cópia idêntica de seu usuário. Desta forma, se um dado ninja usa a técnica, passam a existir dois destes ninjas (o original e a cópia). A técnica sempre é executada por todos os ninjas existentes no momento. Desta forma, se a técnica for utilizada novamente, passam a existir quatro ninjas idênticos ao original (os dois anteriores e mais duas cópias), e assim por diante. Há N cópias de um dado ninja (incluindo o original). Sua tarefa é determinar quantas vezes a técnica foi utilizada.",medium,30,95%
122,"Todos os habitantes da Nlogônia estão super animados com a abertura do Ricardo Barreiro World, o mais novo parque de diversões do país. Na TV e no rádio só passam propagandas da montanha-russa do parque, a mais rápida do continente. É nela que todos, de crianças a idosos querem andar. Infelizmente foram impostas algumas restrições no momento da homologação do brinquedo pelo governo. Por questões de segurança, há uma altura mínima e uma altura máxima que as pessoam devem ter para poder passear na montanha-russa. Para o dia da inauguração do parque, todos os convidados realizaram um pré-cadastro no qual indicaram sua altura. Para reduzir filas e otimizar a operação do parque no primeiro dia, você foi contratado para fazer um programa que dado o número de visitantes, altura mínima, altura máxima e as alturas de todos os visitantes, calcule quantas pessoas poderão andar na montanha-russa.",easy,30,95%
123,"A grande Maratona de Rua de Curitiba irá ocorrer nos próximos dias! Vários atletas estão treinando há dias para o grande dia da corrida. Flávio é um dos atletas que está treinando diariamente para se sair bem na corrida. Ele tem corrido todas as manhãs nas pistas próximas de sua casa. Os treinos do garoto são monitorados por um aplicativo em seu celular. Após cada treino, Flávio sabe tanto a duração do treino quanto a distância total percorrida. Com essas informações, ele consegue determinar a velocidade média obtida em cada treino. Flávio está muito preocupado com a evolução de seu desempenho nos treinos, e em particular com seu recorde de velocidade média. Tal recorde é batido em um dado treino quando a velocidade média para este treino é maior que todas as velocidades médias obtidas nos treinos anteriores. Ajude Flávio a determinar em quais treinos ele conseguiu bater seu recorde.",medium,60,90%
124,"Toorg é o integrante mais sábio do grupo de heróis denominado Os Protetores da Via Láctea. Para qualquer pergunta, ele tem a resposta ideal! Escreva um programa que, dada uma pergunta, informe a resposta de Toorg.",easy,30,95%
125,"Dodô, Leo e Pepper jogam “pedra, papel e tesoura” para decidir o assunto da sessão de hoje. Dadas as jogadas de Dodô, Leo e Pepper, nesta ordem, determine o assunto da sessão.",medium,60,90%
126,"Dadas as componentes RGB de um pixel da imagem colorida, determine o valor do pixel P da imagem em tons de cinza correspondente, baseada no método especificado (ponderada, média, maior ou menor). Despreze a parte decimal do resultado, caso exista.",medium,60,92%
127,"Lucas está construindo um navegador com uma funcionalidade de autocompletar. Dadas palavras já pesquisadas e uma série de consultas, determine quantas palavras possuem o prefixo fornecido em cada consulta e o comprimento da maior dessas palavras.",hard,120,88%
128,"No jogo O Bruxo, Sigismund Dijkstra é o líder do Serviço Secreto Redaniano e possui um grande tesouro com diversos tipos de jóias. Dijkstra quer saber quantos tipos de jóias diferentes existem em seu tesouro.",easy,30,95%
129,"Em diversas competições acadêmicas, uma certa quantidade de competidores se classifica para a próxima fase, mas devido a empates na última vaga, a quantidade pode variar. Dada uma lista de pontuações e o número mínimo de classificados, calcule o total de competidores que avançam para a próxima fase.",medium,60,92%
130,"No prédio da Sociedade Brasileira de Computação (SBC) de 3 andares, os funcionários precisam de uma máquina de café posicionada para minimizar o tempo total gasto subindo e descendo escadas. Cada funcionário consome 1 café por dia e leva 1 minuto por andar para se deslocar. Dada a quantidade de funcionários por andar, determine o melhor andar para instalar a máquina.",medium,60,92%
131,"Júlio está desenvolvendo um Smart Watch para programadores. Dada a inclinação do Sol/Lua em graus (0 a 360), determine o período do dia correspondente: madrugada, manhã, tarde ou noite.",easy,30,95%
132,"Dado o grau de inclinação do Sol/Lua (0 a 360), converta o grau para o formato HH:MM:SS (24 horas). Além disso, informe a saudação correspondente ao período do dia (madrugada, manhã, tarde ou noite).",medium,60,90%
133,"Dada a quantidade de refeições disponíveis para cada escolha (frango, bife, massa) e a quantidade pedida para cada escolha, determine quantos passageiros não poderão ser atendidos.",easy,30,95%
134,"Desenvolva um programa que receba como entrada se um jipe está entrando ou voltando do parque e a quantidade de turistas que este veículo está transportando. Ao final do turno, o programa deve indicar a quantidade de veículos e de turistas que ainda faltam regressar da aventura.",medium,90,93%
135,Robbie e Glória brincam com moedas em um jogo em que Glória escolhe um salto N para somar valores específicos das moedas de Robbie. Verifique se o resultado da soma é primo e determine se Robbie deve fazer a vontade de Glória.,hard,120,85%
136,"Dado o último dígito de uma placa de veículo, determine o dia da semana em que esse veículo está restrito à circulação na cidade de São Paulo, de acordo com o rodízio municipal.",easy,30,98%
137,"Dado um conjunto de trabalhos com graus de dificuldade, determine a diferença mínima entre os trabalhos feitos por Rangel (que faz os primeiros i trabalhos) e por Gugu (que faz o restante). A ordem dos trabalhos não pode ser alterada.",hard,120,85%
138,"Dado o tempo restante no expediente N e os tempos necessários para fabricar dois presentes, determine se o duende consegue fabricar os dois presentes ainda hoje ou deve deixá-los para amanhã.",easy,30,95%
139,"Giovanna tem um pisca-pisca quebrado dividido em grupos de 50 lâmpadas. As lâmpadas queimadas são representadas por 1’s e as funcionais por 0’s. Dada a representação decimal de um grupo, determine a maior quantidade de lâmpadas consecutivas queimadas.",medium,60,90%
140,"As renas decidiram distribuir bolas de neve de forma cíclica entre elas. Dado o número de bolas de neve feitas por cada rena, determine qual delas ficará com a última bola e será a líder do trenó.",easy,30,95%
141,"Dada uma fórmula atômica, determine se o composto é perigoso ou seguro com base nas proporções e ordem dos elementos químicos na fórmula. Um composto perigoso segue exatamente as proporções e ordem estabelecidas.",medium,90,88%
142,"Escreva um programa que leia três números inteiros A, B, e C com restrições específicas. Formate a saída em diferentes alinhamentos e preenchimentos.",medium,90,92%
143,"Leia dois números de precisão simples e dois de precisão dupla com formatos específicos e imprima em diferentes formatos (precisão, notação científica, e apenas a parte inteira).",hard,120,85%
144,Leia um número no formato XXXXX.YYY e imprima na forma invertida como YYY.XXXXX.,easy,30,98%
145,"Leia os dados de um CPF no formato XXX.YYY.ZZZ-DD e imprima os quatro números, sendo um valor por linha.",easy,60,98%
146,"Leia uma data no formato DD/MM/AA, imprima a data no formato MM/DD/AA, depois no formato AA/MM/DD e, por fim, no formato DD-MM-AA.",easy,120,99%
147,Leia uma frase com uma vírgula no meio e imprima a primeira parte antes da vírgula e a segunda parte após a vírgula.,easy,60,99%
148,"Leia 10 nomes (sem espaços em branco) e imprima o terceiro, o sétimo e o nono nome da lista.",easy,60,98%
149,"Uma indústria de equipamentos musicais permite que os clientes criem seus próprios pedais de efeitos para guitarra. Para produzir os pedais, o circuito gerado pelo cliente precisa caber na placa de circuito impresso (PCI) disponível na fábrica. Dadas as dimensões do circuito enviado pelo cliente e as dimensões da placa disponível, determine se é possível fabricar o pedal utilizando a placa existente.",medium,120,95%
150,"Em anos de Copa do Mundo, o álbum de figurinhas é um grande sucesso entre crianças e adultos. O álbum contém espaços numerados de 1 a N e cada figurinha também é numerada de 1 a N. O objetivo é completar o álbum, colando as figurinhas nos respectivos espaços. As figurinhas são vendidas em envelopes fechados, sem saber quais figurinhas virão, e é possível comprar repetidas. Sua tarefa é calcular quantas figurinhas faltam para completar o álbum, dado o número total de figurinhas e uma lista de figurinhas já compradas (que pode ter repetições).",medium,120,85%
151,"Dizemos que uma sequência de números é uma escadinha, se a diferença entre números consecutivos é sempre a mesma. Por exemplo, “2, 3, 4, 5” e “10, 7, 4” são escadinhas. Note que qualquer sequência com apenas um ou dois números também é uma escadinha! Neste problema estamos procurando escadinhas em uma sequência maior de números. Dada uma sequência de números, queremos determinar quantas escadinhas existem. Mas só estamos interessados em escadinhas tão longas quanto possível. Por isso, se uma escadinha é um pedaço de outra, consideramos somente a maior. Por exemplo, na sequência “1, 1, 1, 3, 5, 4, 8, 12” temos 4 escadinhas diferentes: “1, 1, 1”, “1, 3, 5”, “5, 4” e “4, 8, 12”.",medium,120,85%